{"cameraMode":{"drawMode":0,"name":"Shaded","section":"Shading Mode"},"sceneLighting":false,"audioPlay":false,"sceneViewState":{"m_AlwaysRefresh":false,"showFog":true,"showSkybox":true,"showFlares":true,"showImageEffects":true,"showParticleSystems":true,"showVisualEffectGraphs":true,"m_FxEnabled":true},"in2DMode":false,"pivot":{"x":-0.5127754211425781,"y":0.26135826110839846,"z":14.521806716918946},"rotation":{"x":0.16190211474895478,"y":-0.17659589648246766,"z":0.029458537697792054,"w":0.9704402685165405},"size":17.23015785217285,"orthographic":false}